-- =====================================================
-- LabMS: Individual Equipment Unit Tracking Migration
-- Schema-matched version (matches actual DB columns)
-- Total: 397 individual units across 5 labs, 10 equipment types
-- =====================================================

USE labms;

SET FOREIGN_KEY_CHECKS = 0;

-- Clear dependent tables first
DELETE FROM reservations;
DELETE FROM issues;
DELETE FROM lab_equipment;
DELETE FROM equipment;
DELETE FROM labs;

ALTER TABLE reservations  AUTO_INCREMENT = 1;
ALTER TABLE issues        AUTO_INCREMENT = 1;
ALTER TABLE lab_equipment AUTO_INCREMENT = 1;
ALTER TABLE equipment     AUTO_INCREMENT = 1;
ALTER TABLE labs          AUTO_INCREMENT = 1;

SET FOREIGN_KEY_CHECKS = 1;

-- =====================================================
-- 1. INSERT LABS  (columns: id, lab_name, location, status, created_at, updated_at)
-- =====================================================

INSERT INTO labs (id, lab_name, location, status, created_at, updated_at) VALUES
  (1, 'Analog Lab', 'Building A, Floor 2', 'AVAILABLE', NOW(), NOW()),
  (2, 'Digital Lab', 'Building A, Floor 3', 'AVAILABLE', NOW(), NOW()),
  (3, 'Telecom Lab', 'Building B, Floor 2', 'AVAILABLE', NOW(), NOW()),
  (4, 'Computer Lab', 'Building B, Floor 3', 'AVAILABLE', NOW(), NOW()),
  (5, 'UAV Lab', 'Building C, Floor 1', 'AVAILABLE', NOW(), NOW());

-- =====================================================
-- 2. INSERT INDIVIDUAL EQUIPMENT UNITS
--    columns: id, name, equipment_code, description, image_url,
--             status, quantity, created_at, updated_at
--    quantity = 1 for every unit (one row = one physical unit)
-- =====================================================

INSERT INTO equipment
  (id, name, equipment_code, description, image_url, status, quantity, created_at, updated_at)
VALUES
  (1, 'Oscilloscope DSO-X 1204G', 'OSC-01-ANAL', 'Keysight 4-channel digital storage oscilloscope, 70 MHz bandwidth', NULL, 'AVAILABLE', 1, NOW(), NOW()),
  (2, 'Oscilloscope DSO-X 1204G', 'OSC-02-ANAL', 'Keysight 4-channel digital storage oscilloscope, 70 MHz bandwidth', NULL, 'AVAILABLE', 1, NOW(), NOW()),
  (3, 'Oscilloscope DSO-X 1204G', 'OSC-03-ANAL', 'Keysight 4-channel digital storage oscilloscope, 70 MHz bandwidth', NULL, 'AVAILABLE', 1, NOW(), NOW()),
  (4, 'Oscilloscope DSO-X 1204G', 'OSC-04-ANAL', 'Keysight 4-channel digital storage oscilloscope, 70 MHz bandwidth', NULL, 'AVAILABLE', 1, NOW(), NOW()),
  (5, 'Oscilloscope DSO-X 1204G', 'OSC-05-ANAL', 'Keysight 4-channel digital storage oscilloscope, 70 MHz bandwidth', NULL, 'AVAILABLE', 1, NOW(), NOW()),
  (6, 'Oscilloscope DSO-X 1204G', 'OSC-06-ANAL', 'Keysight 4-channel digital storage oscilloscope, 70 MHz bandwidth', NULL, 'AVAILABLE', 1, NOW(), NOW()),
  (7, 'Oscilloscope DSO-X 1204G', 'OSC-07-ANAL', 'Keysight 4-channel digital storage oscilloscope, 70 MHz bandwidth', NULL, 'AVAILABLE', 1, NOW(), NOW()),
  (8, 'Oscilloscope DSO-X 1204G', 'OSC-08-ANAL', 'Keysight 4-channel digital storage oscilloscope, 70 MHz bandwidth', NULL, 'AVAILABLE', 1, NOW(), NOW()),
  (9, 'Oscilloscope DSO-X 1204G', 'OSC-09-ANAL', 'Keysight 4-channel digital storage oscilloscope, 70 MHz bandwidth', NULL, 'AVAILABLE', 1, NOW(), NOW()),
  (10, 'Oscilloscope DSO-X 1204G', 'OSC-10-ANAL', 'Keysight 4-channel digital storage oscilloscope, 70 MHz bandwidth', NULL, 'AVAILABLE', 1, NOW(), NOW()),
  (11, 'Oscilloscope DSO-X 1204G', 'OSC-11-ANAL', 'Keysight 4-channel digital storage oscilloscope, 70 MHz bandwidth', NULL, 'AVAILABLE', 1, NOW(), NOW()),
  (12, 'Oscilloscope DSO-X 1204G', 'OSC-12-ANAL', 'Keysight 4-channel digital storage oscilloscope, 70 MHz bandwidth', NULL, 'AVAILABLE', 1, NOW(), NOW()),
  (13, 'Oscilloscope DSO-X 1204G', 'OSC-13-ANAL', 'Keysight 4-channel digital storage oscilloscope, 70 MHz bandwidth', NULL, 'AVAILABLE', 1, NOW(), NOW()),
  (14, 'Oscilloscope DSO-X 1204G', 'OSC-14-ANAL', 'Keysight 4-channel digital storage oscilloscope, 70 MHz bandwidth', NULL, 'AVAILABLE', 1, NOW(), NOW()),
  (15, 'Oscilloscope DSO-X 1204G', 'OSC-15-ANAL', 'Keysight 4-channel digital storage oscilloscope, 70 MHz bandwidth', NULL, 'AVAILABLE', 1, NOW(), NOW()),
  (16, 'Oscilloscope DSO-X 1204G', 'OSC-16-ANAL', 'Keysight 4-channel digital storage oscilloscope, 70 MHz bandwidth', NULL, 'AVAILABLE', 1, NOW(), NOW()),
  (17, 'Oscilloscope DSO-X 1204G', 'OSC-17-ANAL', 'Keysight 4-channel digital storage oscilloscope, 70 MHz bandwidth', NULL, 'AVAILABLE', 1, NOW(), NOW()),
  (18, 'Oscilloscope DSO-X 1204G', 'OSC-18-ANAL', 'Keysight 4-channel digital storage oscilloscope, 70 MHz bandwidth', NULL, 'AVAILABLE', 1, NOW(), NOW()),
  (19, 'Oscilloscope DSO-X 1204G', 'OSC-19-ANAL', 'Keysight 4-channel digital storage oscilloscope, 70 MHz bandwidth', NULL, 'AVAILABLE', 1, NOW(), NOW()),
  (20, 'Oscilloscope DSO-X 1204G', 'OSC-20-ANAL', 'Keysight 4-channel digital storage oscilloscope, 70 MHz bandwidth', NULL, 'AVAILABLE', 1, NOW(), NOW()),
  (21, 'Oscilloscope DSO-X 1204G', 'OSC-01-DIGI', 'Keysight 4-channel digital storage oscilloscope, 70 MHz bandwidth', NULL, 'AVAILABLE', 1, NOW(), NOW()),
  (22, 'Oscilloscope DSO-X 1204G', 'OSC-02-DIGI', 'Keysight 4-channel digital storage oscilloscope, 70 MHz bandwidth', NULL, 'AVAILABLE', 1, NOW(), NOW()),
  (23, 'Oscilloscope DSO-X 1204G', 'OSC-03-DIGI', 'Keysight 4-channel digital storage oscilloscope, 70 MHz bandwidth', NULL, 'AVAILABLE', 1, NOW(), NOW()),
  (24, 'Oscilloscope DSO-X 1204G', 'OSC-04-DIGI', 'Keysight 4-channel digital storage oscilloscope, 70 MHz bandwidth', NULL, 'AVAILABLE', 1, NOW(), NOW()),
  (25, 'Oscilloscope DSO-X 1204G', 'OSC-05-DIGI', 'Keysight 4-channel digital storage oscilloscope, 70 MHz bandwidth', NULL, 'AVAILABLE', 1, NOW(), NOW()),
  (26, 'Oscilloscope DSO-X 1204G', 'OSC-06-DIGI', 'Keysight 4-channel digital storage oscilloscope, 70 MHz bandwidth', NULL, 'AVAILABLE', 1, NOW(), NOW()),
  (27, 'Oscilloscope DSO-X 1204G', 'OSC-07-DIGI', 'Keysight 4-channel digital storage oscilloscope, 70 MHz bandwidth', NULL, 'AVAILABLE', 1, NOW(), NOW()),
  (28, 'Oscilloscope DSO-X 1204G', 'OSC-08-DIGI', 'Keysight 4-channel digital storage oscilloscope, 70 MHz bandwidth', NULL, 'AVAILABLE', 1, NOW(), NOW()),
  (29, 'Oscilloscope DSO-X 1204G', 'OSC-09-DIGI', 'Keysight 4-channel digital storage oscilloscope, 70 MHz bandwidth', NULL, 'AVAILABLE', 1, NOW(), NOW()),
  (30, 'Oscilloscope DSO-X 1204G', 'OSC-10-DIGI', 'Keysight 4-channel digital storage oscilloscope, 70 MHz bandwidth', NULL, 'AVAILABLE', 1, NOW(), NOW()),
  (31, 'Oscilloscope DSO-X 1204G', 'OSC-11-DIGI', 'Keysight 4-channel digital storage oscilloscope, 70 MHz bandwidth', NULL, 'AVAILABLE', 1, NOW(), NOW()),
  (32, 'Oscilloscope DSO-X 1204G', 'OSC-12-DIGI', 'Keysight 4-channel digital storage oscilloscope, 70 MHz bandwidth', NULL, 'AVAILABLE', 1, NOW(), NOW()),
  (33, 'Oscilloscope DSO-X 1204G', 'OSC-13-DIGI', 'Keysight 4-channel digital storage oscilloscope, 70 MHz bandwidth', NULL, 'AVAILABLE', 1, NOW(), NOW()),
  (34, 'Oscilloscope DSO-X 1204G', 'OSC-14-DIGI', 'Keysight 4-channel digital storage oscilloscope, 70 MHz bandwidth', NULL, 'AVAILABLE', 1, NOW(), NOW()),
  (35, 'Oscilloscope DSO-X 1204G', 'OSC-15-DIGI', 'Keysight 4-channel digital storage oscilloscope, 70 MHz bandwidth', NULL, 'AVAILABLE', 1, NOW(), NOW()),
  (36, 'Oscilloscope DSO-X 1204G', 'OSC-16-DIGI', 'Keysight 4-channel digital storage oscilloscope, 70 MHz bandwidth', NULL, 'AVAILABLE', 1, NOW(), NOW()),
  (37, 'Oscilloscope DSO-X 1204G', 'OSC-17-DIGI', 'Keysight 4-channel digital storage oscilloscope, 70 MHz bandwidth', NULL, 'AVAILABLE', 1, NOW(), NOW()),
  (38, 'Oscilloscope DSO-X 1204G', 'OSC-18-DIGI', 'Keysight 4-channel digital storage oscilloscope, 70 MHz bandwidth', NULL, 'AVAILABLE', 1, NOW(), NOW()),
  (39, 'Oscilloscope DSO-X 1204G', 'OSC-19-DIGI', 'Keysight 4-channel digital storage oscilloscope, 70 MHz bandwidth', NULL, 'AVAILABLE', 1, NOW(), NOW()),
  (40, 'Oscilloscope DSO-X 1204G', 'OSC-20-DIGI', 'Keysight 4-channel digital storage oscilloscope, 70 MHz bandwidth', NULL, 'AVAILABLE', 1, NOW(), NOW()),
  (41, 'Oscilloscope DSO-X 1204G', 'OSC-01-TELE', 'Keysight 4-channel digital storage oscilloscope, 70 MHz bandwidth', NULL, 'AVAILABLE', 1, NOW(), NOW()),
  (42, 'Oscilloscope DSO-X 1204G', 'OSC-02-TELE', 'Keysight 4-channel digital storage oscilloscope, 70 MHz bandwidth', NULL, 'AVAILABLE', 1, NOW(), NOW()),
  (43, 'Oscilloscope DSO-X 1204G', 'OSC-03-TELE', 'Keysight 4-channel digital storage oscilloscope, 70 MHz bandwidth', NULL, 'AVAILABLE', 1, NOW(), NOW()),
  (44, 'Oscilloscope DSO-X 1204G', 'OSC-04-TELE', 'Keysight 4-channel digital storage oscilloscope, 70 MHz bandwidth', NULL, 'AVAILABLE', 1, NOW(), NOW()),
  (45, 'Oscilloscope DSO-X 1204G', 'OSC-05-TELE', 'Keysight 4-channel digital storage oscilloscope, 70 MHz bandwidth', NULL, 'AVAILABLE', 1, NOW(), NOW()),
  (46, 'Oscilloscope DSO-X 1204G', 'OSC-06-TELE', 'Keysight 4-channel digital storage oscilloscope, 70 MHz bandwidth', NULL, 'AVAILABLE', 1, NOW(), NOW()),
  (47, 'Oscilloscope DSO-X 1204G', 'OSC-07-TELE', 'Keysight 4-channel digital storage oscilloscope, 70 MHz bandwidth', NULL, 'AVAILABLE', 1, NOW(), NOW()),
  (48, 'Oscilloscope DSO-X 1204G', 'OSC-08-TELE', 'Keysight 4-channel digital storage oscilloscope, 70 MHz bandwidth', NULL, 'AVAILABLE', 1, NOW(), NOW()),
  (49, 'Oscilloscope DSO-X 1204G', 'OSC-09-TELE', 'Keysight 4-channel digital storage oscilloscope, 70 MHz bandwidth', NULL, 'AVAILABLE', 1, NOW(), NOW()),
  (50, 'Oscilloscope DSO-X 1204G', 'OSC-10-TELE', 'Keysight 4-channel digital storage oscilloscope, 70 MHz bandwidth', NULL, 'AVAILABLE', 1, NOW(), NOW()),
  (51, 'Oscilloscope DSO-X 1204G', 'OSC-01-UAV', 'Keysight 4-channel digital storage oscilloscope, 70 MHz bandwidth', NULL, 'AVAILABLE', 1, NOW(), NOW()),
  (52, 'Oscilloscope DSO-X 1204G', 'OSC-02-UAV', 'Keysight 4-channel digital storage oscilloscope, 70 MHz bandwidth', NULL, 'AVAILABLE', 1, NOW(), NOW()),
  (53, 'Oscilloscope DSO-X 1204G', 'OSC-03-UAV', 'Keysight 4-channel digital storage oscilloscope, 70 MHz bandwidth', NULL, 'AVAILABLE', 1, NOW(), NOW()),
  (54, 'Oscilloscope DSO-X 1204G', 'OSC-04-UAV', 'Keysight 4-channel digital storage oscilloscope, 70 MHz bandwidth', NULL, 'AVAILABLE', 1, NOW(), NOW()),
  (55, 'Oscilloscope DSO-X 1204G', 'OSC-05-UAV', 'Keysight 4-channel digital storage oscilloscope, 70 MHz bandwidth', NULL, 'AVAILABLE', 1, NOW(), NOW()),
  (56, 'DC Power Supply 30V/5A', 'DPS-01-ANAL', 'Adjustable DC power supply, 0-30V / 0-5A', NULL, 'AVAILABLE', 1, NOW(), NOW()),
  (57, 'DC Power Supply 30V/5A', 'DPS-02-ANAL', 'Adjustable DC power supply, 0-30V / 0-5A', NULL, 'AVAILABLE', 1, NOW(), NOW()),
  (58, 'DC Power Supply 30V/5A', 'DPS-03-ANAL', 'Adjustable DC power supply, 0-30V / 0-5A', NULL, 'AVAILABLE', 1, NOW(), NOW()),
  (59, 'DC Power Supply 30V/5A', 'DPS-04-ANAL', 'Adjustable DC power supply, 0-30V / 0-5A', NULL, 'AVAILABLE', 1, NOW(), NOW()),
  (60, 'DC Power Supply 30V/5A', 'DPS-05-ANAL', 'Adjustable DC power supply, 0-30V / 0-5A', NULL, 'AVAILABLE', 1, NOW(), NOW()),
  (61, 'DC Power Supply 30V/5A', 'DPS-06-ANAL', 'Adjustable DC power supply, 0-30V / 0-5A', NULL, 'AVAILABLE', 1, NOW(), NOW()),
  (62, 'DC Power Supply 30V/5A', 'DPS-07-ANAL', 'Adjustable DC power supply, 0-30V / 0-5A', NULL, 'AVAILABLE', 1, NOW(), NOW()),
  (63, 'DC Power Supply 30V/5A', 'DPS-08-ANAL', 'Adjustable DC power supply, 0-30V / 0-5A', NULL, 'AVAILABLE', 1, NOW(), NOW()),
  (64, 'DC Power Supply 30V/5A', 'DPS-09-ANAL', 'Adjustable DC power supply, 0-30V / 0-5A', NULL, 'AVAILABLE', 1, NOW(), NOW()),
  (65, 'DC Power Supply 30V/5A', 'DPS-10-ANAL', 'Adjustable DC power supply, 0-30V / 0-5A', NULL, 'AVAILABLE', 1, NOW(), NOW()),
  (66, 'DC Power Supply 30V/5A', 'DPS-11-ANAL', 'Adjustable DC power supply, 0-30V / 0-5A', NULL, 'AVAILABLE', 1, NOW(), NOW()),
  (67, 'DC Power Supply 30V/5A', 'DPS-12-ANAL', 'Adjustable DC power supply, 0-30V / 0-5A', NULL, 'AVAILABLE', 1, NOW(), NOW()),
  (68, 'DC Power Supply 30V/5A', 'DPS-13-ANAL', 'Adjustable DC power supply, 0-30V / 0-5A', NULL, 'AVAILABLE', 1, NOW(), NOW()),
  (69, 'DC Power Supply 30V/5A', 'DPS-14-ANAL', 'Adjustable DC power supply, 0-30V / 0-5A', NULL, 'AVAILABLE', 1, NOW(), NOW()),
  (70, 'DC Power Supply 30V/5A', 'DPS-15-ANAL', 'Adjustable DC power supply, 0-30V / 0-5A', NULL, 'AVAILABLE', 1, NOW(), NOW()),
  (71, 'DC Power Supply 30V/5A', 'DPS-16-ANAL', 'Adjustable DC power supply, 0-30V / 0-5A', NULL, 'AVAILABLE', 1, NOW(), NOW()),
  (72, 'DC Power Supply 30V/5A', 'DPS-17-ANAL', 'Adjustable DC power supply, 0-30V / 0-5A', NULL, 'AVAILABLE', 1, NOW(), NOW()),
  (73, 'DC Power Supply 30V/5A', 'DPS-18-ANAL', 'Adjustable DC power supply, 0-30V / 0-5A', NULL, 'AVAILABLE', 1, NOW(), NOW()),
  (74, 'DC Power Supply 30V/5A', 'DPS-19-ANAL', 'Adjustable DC power supply, 0-30V / 0-5A', NULL, 'AVAILABLE', 1, NOW(), NOW()),
  (75, 'DC Power Supply 30V/5A', 'DPS-20-ANAL', 'Adjustable DC power supply, 0-30V / 0-5A', NULL, 'AVAILABLE', 1, NOW(), NOW()),
  (76, 'DC Power Supply 30V/5A', 'DPS-01-DIGI', 'Adjustable DC power supply, 0-30V / 0-5A', NULL, 'AVAILABLE', 1, NOW(), NOW()),
  (77, 'DC Power Supply 30V/5A', 'DPS-02-DIGI', 'Adjustable DC power supply, 0-30V / 0-5A', NULL, 'AVAILABLE', 1, NOW(), NOW()),
  (78, 'DC Power Supply 30V/5A', 'DPS-03-DIGI', 'Adjustable DC power supply, 0-30V / 0-5A', NULL, 'AVAILABLE', 1, NOW(), NOW()),
  (79, 'DC Power Supply 30V/5A', 'DPS-04-DIGI', 'Adjustable DC power supply, 0-30V / 0-5A', NULL, 'AVAILABLE', 1, NOW(), NOW()),
  (80, 'DC Power Supply 30V/5A', 'DPS-05-DIGI', 'Adjustable DC power supply, 0-30V / 0-5A', NULL, 'AVAILABLE', 1, NOW(), NOW()),
  (81, 'DC Power Supply 30V/5A', 'DPS-06-DIGI', 'Adjustable DC power supply, 0-30V / 0-5A', NULL, 'AVAILABLE', 1, NOW(), NOW()),
  (82, 'DC Power Supply 30V/5A', 'DPS-07-DIGI', 'Adjustable DC power supply, 0-30V / 0-5A', NULL, 'AVAILABLE', 1, NOW(), NOW()),
  (83, 'DC Power Supply 30V/5A', 'DPS-08-DIGI', 'Adjustable DC power supply, 0-30V / 0-5A', NULL, 'AVAILABLE', 1, NOW(), NOW()),
  (84, 'DC Power Supply 30V/5A', 'DPS-09-DIGI', 'Adjustable DC power supply, 0-30V / 0-5A', NULL, 'AVAILABLE', 1, NOW(), NOW()),
  (85, 'DC Power Supply 30V/5A', 'DPS-10-DIGI', 'Adjustable DC power supply, 0-30V / 0-5A', NULL, 'AVAILABLE', 1, NOW(), NOW()),
  (86, 'DC Power Supply 30V/5A', 'DPS-11-DIGI', 'Adjustable DC power supply, 0-30V / 0-5A', NULL, 'AVAILABLE', 1, NOW(), NOW()),
  (87, 'DC Power Supply 30V/5A', 'DPS-12-DIGI', 'Adjustable DC power supply, 0-30V / 0-5A', NULL, 'AVAILABLE', 1, NOW(), NOW()),
  (88, 'DC Power Supply 30V/5A', 'DPS-13-DIGI', 'Adjustable DC power supply, 0-30V / 0-5A', NULL, 'AVAILABLE', 1, NOW(), NOW()),
  (89, 'DC Power Supply 30V/5A', 'DPS-14-DIGI', 'Adjustable DC power supply, 0-30V / 0-5A', NULL, 'AVAILABLE', 1, NOW(), NOW()),
  (90, 'DC Power Supply 30V/5A', 'DPS-15-DIGI', 'Adjustable DC power supply, 0-30V / 0-5A', NULL, 'AVAILABLE', 1, NOW(), NOW()),
  (91, 'DC Power Supply 30V/5A', 'DPS-16-DIGI', 'Adjustable DC power supply, 0-30V / 0-5A', NULL, 'AVAILABLE', 1, NOW(), NOW()),
  (92, 'DC Power Supply 30V/5A', 'DPS-17-DIGI', 'Adjustable DC power supply, 0-30V / 0-5A', NULL, 'AVAILABLE', 1, NOW(), NOW()),
  (93, 'DC Power Supply 30V/5A', 'DPS-18-DIGI', 'Adjustable DC power supply, 0-30V / 0-5A', NULL, 'AVAILABLE', 1, NOW(), NOW()),
  (94, 'DC Power Supply 30V/5A', 'DPS-19-DIGI', 'Adjustable DC power supply, 0-30V / 0-5A', NULL, 'AVAILABLE', 1, NOW(), NOW()),
  (95, 'DC Power Supply 30V/5A', 'DPS-20-DIGI', 'Adjustable DC power supply, 0-30V / 0-5A', NULL, 'AVAILABLE', 1, NOW(), NOW()),
  (96, 'DC Power Supply 30V/5A', 'DPS-01-TELE', 'Adjustable DC power supply, 0-30V / 0-5A', NULL, 'AVAILABLE', 1, NOW(), NOW()),
  (97, 'DC Power Supply 30V/5A', 'DPS-02-TELE', 'Adjustable DC power supply, 0-30V / 0-5A', NULL, 'AVAILABLE', 1, NOW(), NOW()),
  (98, 'DC Power Supply 30V/5A', 'DPS-03-TELE', 'Adjustable DC power supply, 0-30V / 0-5A', NULL, 'AVAILABLE', 1, NOW(), NOW()),
  (99, 'DC Power Supply 30V/5A', 'DPS-04-TELE', 'Adjustable DC power supply, 0-30V / 0-5A', NULL, 'AVAILABLE', 1, NOW(), NOW()),
  (100, 'DC Power Supply 30V/5A', 'DPS-05-TELE', 'Adjustable DC power supply, 0-30V / 0-5A', NULL, 'AVAILABLE', 1, NOW(), NOW()),
  (101, 'DC Power Supply 30V/5A', 'DPS-06-TELE', 'Adjustable DC power supply, 0-30V / 0-5A', NULL, 'AVAILABLE', 1, NOW(), NOW()),
  (102, 'DC Power Supply 30V/5A', 'DPS-07-TELE', 'Adjustable DC power supply, 0-30V / 0-5A', NULL, 'AVAILABLE', 1, NOW(), NOW()),
  (103, 'DC Power Supply 30V/5A', 'DPS-08-TELE', 'Adjustable DC power supply, 0-30V / 0-5A', NULL, 'AVAILABLE', 1, NOW(), NOW()),
  (104, 'DC Power Supply 30V/5A', 'DPS-09-TELE', 'Adjustable DC power supply, 0-30V / 0-5A', NULL, 'AVAILABLE', 1, NOW(), NOW()),
  (105, 'DC Power Supply 30V/5A', 'DPS-10-TELE', 'Adjustable DC power supply, 0-30V / 0-5A', NULL, 'AVAILABLE', 1, NOW(), NOW()),
  (106, 'DC Power Supply 30V/5A', 'DPS-11-TELE', 'Adjustable DC power supply, 0-30V / 0-5A', NULL, 'AVAILABLE', 1, NOW(), NOW()),
  (107, 'DC Power Supply 30V/5A', 'DPS-12-TELE', 'Adjustable DC power supply, 0-30V / 0-5A', NULL, 'AVAILABLE', 1, NOW(), NOW()),
  (108, 'DC Power Supply 30V/5A', 'DPS-13-TELE', 'Adjustable DC power supply, 0-30V / 0-5A', NULL, 'AVAILABLE', 1, NOW(), NOW()),
  (109, 'DC Power Supply 30V/5A', 'DPS-14-TELE', 'Adjustable DC power supply, 0-30V / 0-5A', NULL, 'AVAILABLE', 1, NOW(), NOW()),
  (110, 'DC Power Supply 30V/5A', 'DPS-15-TELE', 'Adjustable DC power supply, 0-30V / 0-5A', NULL, 'AVAILABLE', 1, NOW(), NOW()),
  (111, 'DC Power Supply 30V/5A', 'DPS-16-TELE', 'Adjustable DC power supply, 0-30V / 0-5A', NULL, 'AVAILABLE', 1, NOW(), NOW()),
  (112, 'DC Power Supply 30V/5A', 'DPS-17-TELE', 'Adjustable DC power supply, 0-30V / 0-5A', NULL, 'AVAILABLE', 1, NOW(), NOW()),
  (113, 'DC Power Supply 30V/5A', 'DPS-18-TELE', 'Adjustable DC power supply, 0-30V / 0-5A', NULL, 'AVAILABLE', 1, NOW(), NOW()),
  (114, 'DC Power Supply 30V/5A', 'DPS-19-TELE', 'Adjustable DC power supply, 0-30V / 0-5A', NULL, 'AVAILABLE', 1, NOW(), NOW()),
  (115, 'DC Power Supply 30V/5A', 'DPS-20-TELE', 'Adjustable DC power supply, 0-30V / 0-5A', NULL, 'AVAILABLE', 1, NOW(), NOW()),
  (116, 'DC Power Supply 30V/5A', 'DPS-01-UAV', 'Adjustable DC power supply, 0-30V / 0-5A', NULL, 'AVAILABLE', 1, NOW(), NOW()),
  (117, 'DC Power Supply 30V/5A', 'DPS-02-UAV', 'Adjustable DC power supply, 0-30V / 0-5A', NULL, 'AVAILABLE', 1, NOW(), NOW()),
  (118, 'DC Power Supply 30V/5A', 'DPS-03-UAV', 'Adjustable DC power supply, 0-30V / 0-5A', NULL, 'AVAILABLE', 1, NOW(), NOW()),
  (119, 'DC Power Supply 30V/5A', 'DPS-04-UAV', 'Adjustable DC power supply, 0-30V / 0-5A', NULL, 'AVAILABLE', 1, NOW(), NOW()),
  (120, 'DC Power Supply 30V/5A', 'DPS-05-UAV', 'Adjustable DC power supply, 0-30V / 0-5A', NULL, 'AVAILABLE', 1, NOW(), NOW()),
  (121, 'AC Power Supply', 'APS-01-ANAL', 'Variable AC power supply for laboratory use', NULL, 'AVAILABLE', 1, NOW(), NOW()),
  (122, 'AC Power Supply', 'APS-02-ANAL', 'Variable AC power supply for laboratory use', NULL, 'AVAILABLE', 1, NOW(), NOW()),
  (123, 'AC Power Supply', 'APS-03-ANAL', 'Variable AC power supply for laboratory use', NULL, 'AVAILABLE', 1, NOW(), NOW()),
  (124, 'AC Power Supply', 'APS-04-ANAL', 'Variable AC power supply for laboratory use', NULL, 'AVAILABLE', 1, NOW(), NOW()),
  (125, 'AC Power Supply', 'APS-05-ANAL', 'Variable AC power supply for laboratory use', NULL, 'AVAILABLE', 1, NOW(), NOW()),
  (126, 'AC Power Supply', 'APS-06-ANAL', 'Variable AC power supply for laboratory use', NULL, 'AVAILABLE', 1, NOW(), NOW()),
  (127, 'AC Power Supply', 'APS-07-ANAL', 'Variable AC power supply for laboratory use', NULL, 'AVAILABLE', 1, NOW(), NOW()),
  (128, 'AC Power Supply', 'APS-08-ANAL', 'Variable AC power supply for laboratory use', NULL, 'AVAILABLE', 1, NOW(), NOW()),
  (129, 'AC Power Supply', 'APS-09-ANAL', 'Variable AC power supply for laboratory use', NULL, 'AVAILABLE', 1, NOW(), NOW()),
  (130, 'AC Power Supply', 'APS-10-ANAL', 'Variable AC power supply for laboratory use', NULL, 'AVAILABLE', 1, NOW(), NOW()),
  (131, 'AC Power Supply', 'APS-11-ANAL', 'Variable AC power supply for laboratory use', NULL, 'AVAILABLE', 1, NOW(), NOW()),
  (132, 'AC Power Supply', 'APS-12-ANAL', 'Variable AC power supply for laboratory use', NULL, 'AVAILABLE', 1, NOW(), NOW()),
  (133, 'AC Power Supply', 'APS-13-ANAL', 'Variable AC power supply for laboratory use', NULL, 'AVAILABLE', 1, NOW(), NOW()),
  (134, 'AC Power Supply', 'APS-14-ANAL', 'Variable AC power supply for laboratory use', NULL, 'AVAILABLE', 1, NOW(), NOW()),
  (135, 'AC Power Supply', 'APS-15-ANAL', 'Variable AC power supply for laboratory use', NULL, 'AVAILABLE', 1, NOW(), NOW()),
  (136, 'AC Power Supply', 'APS-16-ANAL', 'Variable AC power supply for laboratory use', NULL, 'AVAILABLE', 1, NOW(), NOW()),
  (137, 'AC Power Supply', 'APS-17-ANAL', 'Variable AC power supply for laboratory use', NULL, 'AVAILABLE', 1, NOW(), NOW()),
  (138, 'AC Power Supply', 'APS-18-ANAL', 'Variable AC power supply for laboratory use', NULL, 'AVAILABLE', 1, NOW(), NOW()),
  (139, 'AC Power Supply', 'APS-19-ANAL', 'Variable AC power supply for laboratory use', NULL, 'AVAILABLE', 1, NOW(), NOW()),
  (140, 'AC Power Supply', 'APS-20-ANAL', 'Variable AC power supply for laboratory use', NULL, 'AVAILABLE', 1, NOW(), NOW()),
  (141, 'AC Power Supply', 'APS-01-DIGI', 'Variable AC power supply for laboratory use', NULL, 'AVAILABLE', 1, NOW(), NOW()),
  (142, 'AC Power Supply', 'APS-02-DIGI', 'Variable AC power supply for laboratory use', NULL, 'AVAILABLE', 1, NOW(), NOW()),
  (143, 'AC Power Supply', 'APS-03-DIGI', 'Variable AC power supply for laboratory use', NULL, 'AVAILABLE', 1, NOW(), NOW()),
  (144, 'AC Power Supply', 'APS-04-DIGI', 'Variable AC power supply for laboratory use', NULL, 'AVAILABLE', 1, NOW(), NOW()),
  (145, 'AC Power Supply', 'APS-05-DIGI', 'Variable AC power supply for laboratory use', NULL, 'AVAILABLE', 1, NOW(), NOW()),
  (146, 'AC Power Supply', 'APS-06-DIGI', 'Variable AC power supply for laboratory use', NULL, 'AVAILABLE', 1, NOW(), NOW()),
  (147, 'AC Power Supply', 'APS-07-DIGI', 'Variable AC power supply for laboratory use', NULL, 'AVAILABLE', 1, NOW(), NOW()),
  (148, 'AC Power Supply', 'APS-08-DIGI', 'Variable AC power supply for laboratory use', NULL, 'AVAILABLE', 1, NOW(), NOW()),
  (149, 'AC Power Supply', 'APS-09-DIGI', 'Variable AC power supply for laboratory use', NULL, 'AVAILABLE', 1, NOW(), NOW()),
  (150, 'AC Power Supply', 'APS-10-DIGI', 'Variable AC power supply for laboratory use', NULL, 'AVAILABLE', 1, NOW(), NOW()),
  (151, 'AC Power Supply', 'APS-01-TELE', 'Variable AC power supply for laboratory use', NULL, 'AVAILABLE', 1, NOW(), NOW()),
  (152, 'AC Power Supply', 'APS-02-TELE', 'Variable AC power supply for laboratory use', NULL, 'AVAILABLE', 1, NOW(), NOW()),
  (153, 'AC Power Supply', 'APS-03-TELE', 'Variable AC power supply for laboratory use', NULL, 'AVAILABLE', 1, NOW(), NOW()),
  (154, 'AC Power Supply', 'APS-04-TELE', 'Variable AC power supply for laboratory use', NULL, 'AVAILABLE', 1, NOW(), NOW()),
  (155, 'AC Power Supply', 'APS-05-TELE', 'Variable AC power supply for laboratory use', NULL, 'AVAILABLE', 1, NOW(), NOW()),
  (156, 'AC Power Supply', 'APS-06-TELE', 'Variable AC power supply for laboratory use', NULL, 'AVAILABLE', 1, NOW(), NOW()),
  (157, 'AC Power Supply', 'APS-07-TELE', 'Variable AC power supply for laboratory use', NULL, 'AVAILABLE', 1, NOW(), NOW()),
  (158, 'AC Power Supply', 'APS-08-TELE', 'Variable AC power supply for laboratory use', NULL, 'AVAILABLE', 1, NOW(), NOW()),
  (159, 'AC Power Supply', 'APS-09-TELE', 'Variable AC power supply for laboratory use', NULL, 'AVAILABLE', 1, NOW(), NOW()),
  (160, 'AC Power Supply', 'APS-10-TELE', 'Variable AC power supply for laboratory use', NULL, 'AVAILABLE', 1, NOW(), NOW()),
  (161, 'AC Power Supply', 'APS-01-UAV', 'Variable AC power supply for laboratory use', NULL, 'AVAILABLE', 1, NOW(), NOW()),
  (162, 'AC Power Supply', 'APS-02-UAV', 'Variable AC power supply for laboratory use', NULL, 'AVAILABLE', 1, NOW(), NOW()),
  (163, 'AC Power Supply', 'APS-03-UAV', 'Variable AC power supply for laboratory use', NULL, 'AVAILABLE', 1, NOW(), NOW()),
  (164, 'AC Power Supply', 'APS-04-UAV', 'Variable AC power supply for laboratory use', NULL, 'AVAILABLE', 1, NOW(), NOW()),
  (165, 'AC Power Supply', 'APS-05-UAV', 'Variable AC power supply for laboratory use', NULL, 'AVAILABLE', 1, NOW(), NOW()),
  (166, 'Digital Multimeter', 'DMM-01-ANAL', 'Digital multimeter for voltage, current, and resistance', NULL, 'AVAILABLE', 1, NOW(), NOW()),
  (167, 'Digital Multimeter', 'DMM-02-ANAL', 'Digital multimeter for voltage, current, and resistance', NULL, 'AVAILABLE', 1, NOW(), NOW()),
  (168, 'Digital Multimeter', 'DMM-03-ANAL', 'Digital multimeter for voltage, current, and resistance', NULL, 'AVAILABLE', 1, NOW(), NOW()),
  (169, 'Digital Multimeter', 'DMM-04-ANAL', 'Digital multimeter for voltage, current, and resistance', NULL, 'AVAILABLE', 1, NOW(), NOW()),
  (170, 'Digital Multimeter', 'DMM-05-ANAL', 'Digital multimeter for voltage, current, and resistance', NULL, 'AVAILABLE', 1, NOW(), NOW()),
  (171, 'Digital Multimeter', 'DMM-06-ANAL', 'Digital multimeter for voltage, current, and resistance', NULL, 'AVAILABLE', 1, NOW(), NOW()),
  (172, 'Digital Multimeter', 'DMM-07-ANAL', 'Digital multimeter for voltage, current, and resistance', NULL, 'AVAILABLE', 1, NOW(), NOW()),
  (173, 'Digital Multimeter', 'DMM-08-ANAL', 'Digital multimeter for voltage, current, and resistance', NULL, 'AVAILABLE', 1, NOW(), NOW()),
  (174, 'Digital Multimeter', 'DMM-09-ANAL', 'Digital multimeter for voltage, current, and resistance', NULL, 'AVAILABLE', 1, NOW(), NOW()),
  (175, 'Digital Multimeter', 'DMM-10-ANAL', 'Digital multimeter for voltage, current, and resistance', NULL, 'AVAILABLE', 1, NOW(), NOW()),
  (176, 'Digital Multimeter', 'DMM-11-ANAL', 'Digital multimeter for voltage, current, and resistance', NULL, 'AVAILABLE', 1, NOW(), NOW()),
  (177, 'Digital Multimeter', 'DMM-12-ANAL', 'Digital multimeter for voltage, current, and resistance', NULL, 'AVAILABLE', 1, NOW(), NOW()),
  (178, 'Digital Multimeter', 'DMM-13-ANAL', 'Digital multimeter for voltage, current, and resistance', NULL, 'AVAILABLE', 1, NOW(), NOW()),
  (179, 'Digital Multimeter', 'DMM-14-ANAL', 'Digital multimeter for voltage, current, and resistance', NULL, 'AVAILABLE', 1, NOW(), NOW()),
  (180, 'Digital Multimeter', 'DMM-15-ANAL', 'Digital multimeter for voltage, current, and resistance', NULL, 'AVAILABLE', 1, NOW(), NOW()),
  (181, 'Digital Multimeter', 'DMM-16-ANAL', 'Digital multimeter for voltage, current, and resistance', NULL, 'AVAILABLE', 1, NOW(), NOW()),
  (182, 'Digital Multimeter', 'DMM-17-ANAL', 'Digital multimeter for voltage, current, and resistance', NULL, 'AVAILABLE', 1, NOW(), NOW()),
  (183, 'Digital Multimeter', 'DMM-18-ANAL', 'Digital multimeter for voltage, current, and resistance', NULL, 'AVAILABLE', 1, NOW(), NOW()),
  (184, 'Digital Multimeter', 'DMM-19-ANAL', 'Digital multimeter for voltage, current, and resistance', NULL, 'AVAILABLE', 1, NOW(), NOW()),
  (185, 'Digital Multimeter', 'DMM-20-ANAL', 'Digital multimeter for voltage, current, and resistance', NULL, 'AVAILABLE', 1, NOW(), NOW()),
  (186, 'Digital Multimeter', 'DMM-01-DIGI', 'Digital multimeter for voltage, current, and resistance', NULL, 'AVAILABLE', 1, NOW(), NOW()),
  (187, 'Digital Multimeter', 'DMM-02-DIGI', 'Digital multimeter for voltage, current, and resistance', NULL, 'AVAILABLE', 1, NOW(), NOW()),
  (188, 'Digital Multimeter', 'DMM-03-DIGI', 'Digital multimeter for voltage, current, and resistance', NULL, 'AVAILABLE', 1, NOW(), NOW()),
  (189, 'Digital Multimeter', 'DMM-04-DIGI', 'Digital multimeter for voltage, current, and resistance', NULL, 'AVAILABLE', 1, NOW(), NOW()),
  (190, 'Digital Multimeter', 'DMM-05-DIGI', 'Digital multimeter for voltage, current, and resistance', NULL, 'AVAILABLE', 1, NOW(), NOW()),
  (191, 'Digital Multimeter', 'DMM-06-DIGI', 'Digital multimeter for voltage, current, and resistance', NULL, 'AVAILABLE', 1, NOW(), NOW()),
  (192, 'Digital Multimeter', 'DMM-07-DIGI', 'Digital multimeter for voltage, current, and resistance', NULL, 'AVAILABLE', 1, NOW(), NOW()),
  (193, 'Digital Multimeter', 'DMM-08-DIGI', 'Digital multimeter for voltage, current, and resistance', NULL, 'AVAILABLE', 1, NOW(), NOW()),
  (194, 'Digital Multimeter', 'DMM-09-DIGI', 'Digital multimeter for voltage, current, and resistance', NULL, 'AVAILABLE', 1, NOW(), NOW()),
  (195, 'Digital Multimeter', 'DMM-10-DIGI', 'Digital multimeter for voltage, current, and resistance', NULL, 'AVAILABLE', 1, NOW(), NOW()),
  (196, 'Digital Multimeter', 'DMM-11-DIGI', 'Digital multimeter for voltage, current, and resistance', NULL, 'AVAILABLE', 1, NOW(), NOW()),
  (197, 'Digital Multimeter', 'DMM-12-DIGI', 'Digital multimeter for voltage, current, and resistance', NULL, 'AVAILABLE', 1, NOW(), NOW()),
  (198, 'Digital Multimeter', 'DMM-13-DIGI', 'Digital multimeter for voltage, current, and resistance', NULL, 'AVAILABLE', 1, NOW(), NOW()),
  (199, 'Digital Multimeter', 'DMM-14-DIGI', 'Digital multimeter for voltage, current, and resistance', NULL, 'AVAILABLE', 1, NOW(), NOW()),
  (200, 'Digital Multimeter', 'DMM-15-DIGI', 'Digital multimeter for voltage, current, and resistance', NULL, 'AVAILABLE', 1, NOW(), NOW()),
  (201, 'Digital Multimeter', 'DMM-16-DIGI', 'Digital multimeter for voltage, current, and resistance', NULL, 'AVAILABLE', 1, NOW(), NOW()),
  (202, 'Digital Multimeter', 'DMM-17-DIGI', 'Digital multimeter for voltage, current, and resistance', NULL, 'AVAILABLE', 1, NOW(), NOW()),
  (203, 'Digital Multimeter', 'DMM-18-DIGI', 'Digital multimeter for voltage, current, and resistance', NULL, 'AVAILABLE', 1, NOW(), NOW()),
  (204, 'Digital Multimeter', 'DMM-19-DIGI', 'Digital multimeter for voltage, current, and resistance', NULL, 'AVAILABLE', 1, NOW(), NOW()),
  (205, 'Digital Multimeter', 'DMM-20-DIGI', 'Digital multimeter for voltage, current, and resistance', NULL, 'AVAILABLE', 1, NOW(), NOW()),
  (206, 'Digital Multimeter', 'DMM-01-TELE', 'Digital multimeter for voltage, current, and resistance', NULL, 'AVAILABLE', 1, NOW(), NOW()),
  (207, 'Digital Multimeter', 'DMM-02-TELE', 'Digital multimeter for voltage, current, and resistance', NULL, 'AVAILABLE', 1, NOW(), NOW()),
  (208, 'Digital Multimeter', 'DMM-03-TELE', 'Digital multimeter for voltage, current, and resistance', NULL, 'AVAILABLE', 1, NOW(), NOW()),
  (209, 'Digital Multimeter', 'DMM-04-TELE', 'Digital multimeter for voltage, current, and resistance', NULL, 'AVAILABLE', 1, NOW(), NOW()),
  (210, 'Digital Multimeter', 'DMM-05-TELE', 'Digital multimeter for voltage, current, and resistance', NULL, 'AVAILABLE', 1, NOW(), NOW()),
  (211, 'Digital Multimeter', 'DMM-06-TELE', 'Digital multimeter for voltage, current, and resistance', NULL, 'AVAILABLE', 1, NOW(), NOW()),
  (212, 'Digital Multimeter', 'DMM-07-TELE', 'Digital multimeter for voltage, current, and resistance', NULL, 'AVAILABLE', 1, NOW(), NOW()),
  (213, 'Digital Multimeter', 'DMM-08-TELE', 'Digital multimeter for voltage, current, and resistance', NULL, 'AVAILABLE', 1, NOW(), NOW()),
  (214, 'Digital Multimeter', 'DMM-09-TELE', 'Digital multimeter for voltage, current, and resistance', NULL, 'AVAILABLE', 1, NOW(), NOW()),
  (215, 'Digital Multimeter', 'DMM-10-TELE', 'Digital multimeter for voltage, current, and resistance', NULL, 'AVAILABLE', 1, NOW(), NOW()),
  (216, 'Digital Multimeter', 'DMM-11-TELE', 'Digital multimeter for voltage, current, and resistance', NULL, 'AVAILABLE', 1, NOW(), NOW()),
  (217, 'Digital Multimeter', 'DMM-12-TELE', 'Digital multimeter for voltage, current, and resistance', NULL, 'AVAILABLE', 1, NOW(), NOW()),
  (218, 'Digital Multimeter', 'DMM-13-TELE', 'Digital multimeter for voltage, current, and resistance', NULL, 'AVAILABLE', 1, NOW(), NOW()),
  (219, 'Digital Multimeter', 'DMM-14-TELE', 'Digital multimeter for voltage, current, and resistance', NULL, 'AVAILABLE', 1, NOW(), NOW()),
  (220, 'Digital Multimeter', 'DMM-15-TELE', 'Digital multimeter for voltage, current, and resistance', NULL, 'AVAILABLE', 1, NOW(), NOW()),
  (221, 'Digital Multimeter', 'DMM-16-TELE', 'Digital multimeter for voltage, current, and resistance', NULL, 'AVAILABLE', 1, NOW(), NOW()),
  (222, 'Digital Multimeter', 'DMM-17-TELE', 'Digital multimeter for voltage, current, and resistance', NULL, 'AVAILABLE', 1, NOW(), NOW()),
  (223, 'Digital Multimeter', 'DMM-18-TELE', 'Digital multimeter for voltage, current, and resistance', NULL, 'AVAILABLE', 1, NOW(), NOW()),
  (224, 'Digital Multimeter', 'DMM-19-TELE', 'Digital multimeter for voltage, current, and resistance', NULL, 'AVAILABLE', 1, NOW(), NOW()),
  (225, 'Digital Multimeter', 'DMM-20-TELE', 'Digital multimeter for voltage, current, and resistance', NULL, 'AVAILABLE', 1, NOW(), NOW()),
  (226, 'Digital Multimeter', 'DMM-01-UAV', 'Digital multimeter for voltage, current, and resistance', NULL, 'AVAILABLE', 1, NOW(), NOW()),
  (227, 'Digital Multimeter', 'DMM-02-UAV', 'Digital multimeter for voltage, current, and resistance', NULL, 'AVAILABLE', 1, NOW(), NOW()),
  (228, 'Digital Multimeter', 'DMM-03-UAV', 'Digital multimeter for voltage, current, and resistance', NULL, 'AVAILABLE', 1, NOW(), NOW()),
  (229, 'Digital Multimeter', 'DMM-04-UAV', 'Digital multimeter for voltage, current, and resistance', NULL, 'AVAILABLE', 1, NOW(), NOW()),
  (230, 'Digital Multimeter', 'DMM-05-UAV', 'Digital multimeter for voltage, current, and resistance', NULL, 'AVAILABLE', 1, NOW(), NOW()),
  (231, 'Analog Multimeter', 'AMM-01-ANAL', 'Analog multimeter with needle display', NULL, 'AVAILABLE', 1, NOW(), NOW()),
  (232, 'Analog Multimeter', 'AMM-02-ANAL', 'Analog multimeter with needle display', NULL, 'AVAILABLE', 1, NOW(), NOW()),
  (233, 'Analog Multimeter', 'AMM-03-ANAL', 'Analog multimeter with needle display', NULL, 'AVAILABLE', 1, NOW(), NOW()),
  (234, 'Analog Multimeter', 'AMM-04-ANAL', 'Analog multimeter with needle display', NULL, 'AVAILABLE', 1, NOW(), NOW()),
  (235, 'Analog Multimeter', 'AMM-05-ANAL', 'Analog multimeter with needle display', NULL, 'AVAILABLE', 1, NOW(), NOW()),
  (236, 'Analog Multimeter', 'AMM-06-ANAL', 'Analog multimeter with needle display', NULL, 'AVAILABLE', 1, NOW(), NOW()),
  (237, 'Analog Multimeter', 'AMM-07-ANAL', 'Analog multimeter with needle display', NULL, 'AVAILABLE', 1, NOW(), NOW()),
  (238, 'Analog Multimeter', 'AMM-08-ANAL', 'Analog multimeter with needle display', NULL, 'AVAILABLE', 1, NOW(), NOW()),
  (239, 'Analog Multimeter', 'AMM-09-ANAL', 'Analog multimeter with needle display', NULL, 'AVAILABLE', 1, NOW(), NOW()),
  (240, 'Analog Multimeter', 'AMM-10-ANAL', 'Analog multimeter with needle display', NULL, 'AVAILABLE', 1, NOW(), NOW()),
  (241, 'Analog Multimeter', 'AMM-11-ANAL', 'Analog multimeter with needle display', NULL, 'AVAILABLE', 1, NOW(), NOW()),
  (242, 'Analog Multimeter', 'AMM-12-ANAL', 'Analog multimeter with needle display', NULL, 'AVAILABLE', 1, NOW(), NOW()),
  (243, 'Analog Multimeter', 'AMM-13-ANAL', 'Analog multimeter with needle display', NULL, 'AVAILABLE', 1, NOW(), NOW()),
  (244, 'Analog Multimeter', 'AMM-14-ANAL', 'Analog multimeter with needle display', NULL, 'AVAILABLE', 1, NOW(), NOW()),
  (245, 'Analog Multimeter', 'AMM-15-ANAL', 'Analog multimeter with needle display', NULL, 'AVAILABLE', 1, NOW(), NOW()),
  (246, 'Analog Multimeter', 'AMM-16-ANAL', 'Analog multimeter with needle display', NULL, 'AVAILABLE', 1, NOW(), NOW()),
  (247, 'Analog Multimeter', 'AMM-17-ANAL', 'Analog multimeter with needle display', NULL, 'AVAILABLE', 1, NOW(), NOW()),
  (248, 'Analog Multimeter', 'AMM-18-ANAL', 'Analog multimeter with needle display', NULL, 'AVAILABLE', 1, NOW(), NOW()),
  (249, 'Analog Multimeter', 'AMM-19-ANAL', 'Analog multimeter with needle display', NULL, 'AVAILABLE', 1, NOW(), NOW()),
  (250, 'Analog Multimeter', 'AMM-20-ANAL', 'Analog multimeter with needle display', NULL, 'AVAILABLE', 1, NOW(), NOW()),
  (251, 'Analog Multimeter', 'AMM-01-DIGI', 'Analog multimeter with needle display', NULL, 'AVAILABLE', 1, NOW(), NOW()),
  (252, 'Analog Multimeter', 'AMM-02-DIGI', 'Analog multimeter with needle display', NULL, 'AVAILABLE', 1, NOW(), NOW()),
  (253, 'Analog Multimeter', 'AMM-03-DIGI', 'Analog multimeter with needle display', NULL, 'AVAILABLE', 1, NOW(), NOW()),
  (254, 'Analog Multimeter', 'AMM-04-DIGI', 'Analog multimeter with needle display', NULL, 'AVAILABLE', 1, NOW(), NOW()),
  (255, 'Analog Multimeter', 'AMM-05-DIGI', 'Analog multimeter with needle display', NULL, 'AVAILABLE', 1, NOW(), NOW()),
  (256, 'Analog Multimeter', 'AMM-06-DIGI', 'Analog multimeter with needle display', NULL, 'AVAILABLE', 1, NOW(), NOW()),
  (257, 'Analog Multimeter', 'AMM-07-DIGI', 'Analog multimeter with needle display', NULL, 'AVAILABLE', 1, NOW(), NOW()),
  (258, 'Analog Multimeter', 'AMM-08-DIGI', 'Analog multimeter with needle display', NULL, 'AVAILABLE', 1, NOW(), NOW()),
  (259, 'Analog Multimeter', 'AMM-09-DIGI', 'Analog multimeter with needle display', NULL, 'AVAILABLE', 1, NOW(), NOW()),
  (260, 'Analog Multimeter', 'AMM-10-DIGI', 'Analog multimeter with needle display', NULL, 'AVAILABLE', 1, NOW(), NOW()),
  (261, 'Analog Multimeter', 'AMM-11-DIGI', 'Analog multimeter with needle display', NULL, 'AVAILABLE', 1, NOW(), NOW()),
  (262, 'Analog Multimeter', 'AMM-12-DIGI', 'Analog multimeter with needle display', NULL, 'AVAILABLE', 1, NOW(), NOW()),
  (263, 'Analog Multimeter', 'AMM-13-DIGI', 'Analog multimeter with needle display', NULL, 'AVAILABLE', 1, NOW(), NOW()),
  (264, 'Analog Multimeter', 'AMM-14-DIGI', 'Analog multimeter with needle display', NULL, 'AVAILABLE', 1, NOW(), NOW()),
  (265, 'Analog Multimeter', 'AMM-15-DIGI', 'Analog multimeter with needle display', NULL, 'AVAILABLE', 1, NOW(), NOW()),
  (266, 'Analog Multimeter', 'AMM-16-DIGI', 'Analog multimeter with needle display', NULL, 'AVAILABLE', 1, NOW(), NOW()),
  (267, 'Analog Multimeter', 'AMM-17-DIGI', 'Analog multimeter with needle display', NULL, 'AVAILABLE', 1, NOW(), NOW()),
  (268, 'Analog Multimeter', 'AMM-18-DIGI', 'Analog multimeter with needle display', NULL, 'AVAILABLE', 1, NOW(), NOW()),
  (269, 'Analog Multimeter', 'AMM-19-DIGI', 'Analog multimeter with needle display', NULL, 'AVAILABLE', 1, NOW(), NOW()),
  (270, 'Analog Multimeter', 'AMM-20-DIGI', 'Analog multimeter with needle display', NULL, 'AVAILABLE', 1, NOW(), NOW()),
  (271, 'Analog Multimeter', 'AMM-01-TELE', 'Analog multimeter with needle display', NULL, 'AVAILABLE', 1, NOW(), NOW()),
  (272, 'Analog Multimeter', 'AMM-02-TELE', 'Analog multimeter with needle display', NULL, 'AVAILABLE', 1, NOW(), NOW()),
  (273, 'Analog Multimeter', 'AMM-03-TELE', 'Analog multimeter with needle display', NULL, 'AVAILABLE', 1, NOW(), NOW()),
  (274, 'Analog Multimeter', 'AMM-04-TELE', 'Analog multimeter with needle display', NULL, 'AVAILABLE', 1, NOW(), NOW()),
  (275, 'Analog Multimeter', 'AMM-05-TELE', 'Analog multimeter with needle display', NULL, 'AVAILABLE', 1, NOW(), NOW()),
  (276, 'Analog Multimeter', 'AMM-06-TELE', 'Analog multimeter with needle display', NULL, 'AVAILABLE', 1, NOW(), NOW()),
  (277, 'Analog Multimeter', 'AMM-07-TELE', 'Analog multimeter with needle display', NULL, 'AVAILABLE', 1, NOW(), NOW()),
  (278, 'Analog Multimeter', 'AMM-08-TELE', 'Analog multimeter with needle display', NULL, 'AVAILABLE', 1, NOW(), NOW()),
  (279, 'Analog Multimeter', 'AMM-09-TELE', 'Analog multimeter with needle display', NULL, 'AVAILABLE', 1, NOW(), NOW()),
  (280, 'Analog Multimeter', 'AMM-10-TELE', 'Analog multimeter with needle display', NULL, 'AVAILABLE', 1, NOW(), NOW()),
  (281, 'Analog Multimeter', 'AMM-11-TELE', 'Analog multimeter with needle display', NULL, 'AVAILABLE', 1, NOW(), NOW()),
  (282, 'Analog Multimeter', 'AMM-12-TELE', 'Analog multimeter with needle display', NULL, 'AVAILABLE', 1, NOW(), NOW()),
  (283, 'Analog Multimeter', 'AMM-13-TELE', 'Analog multimeter with needle display', NULL, 'AVAILABLE', 1, NOW(), NOW()),
  (284, 'Analog Multimeter', 'AMM-14-TELE', 'Analog multimeter with needle display', NULL, 'AVAILABLE', 1, NOW(), NOW()),
  (285, 'Analog Multimeter', 'AMM-15-TELE', 'Analog multimeter with needle display', NULL, 'AVAILABLE', 1, NOW(), NOW()),
  (286, 'Analog Multimeter', 'AMM-16-TELE', 'Analog multimeter with needle display', NULL, 'AVAILABLE', 1, NOW(), NOW()),
  (287, 'Analog Multimeter', 'AMM-17-TELE', 'Analog multimeter with needle display', NULL, 'AVAILABLE', 1, NOW(), NOW()),
  (288, 'Analog Multimeter', 'AMM-18-TELE', 'Analog multimeter with needle display', NULL, 'AVAILABLE', 1, NOW(), NOW()),
  (289, 'Analog Multimeter', 'AMM-19-TELE', 'Analog multimeter with needle display', NULL, 'AVAILABLE', 1, NOW(), NOW()),
  (290, 'Analog Multimeter', 'AMM-20-TELE', 'Analog multimeter with needle display', NULL, 'AVAILABLE', 1, NOW(), NOW()),
  (291, 'Function Generator 1uHz - 25MHz', 'FNG-01-ANAL', 'Function generator, 1 microHz to 25 MHz', NULL, 'AVAILABLE', 1, NOW(), NOW()),
  (292, 'Function Generator 1uHz - 25MHz', 'FNG-02-ANAL', 'Function generator, 1 microHz to 25 MHz', NULL, 'AVAILABLE', 1, NOW(), NOW()),
  (293, 'Function Generator 1uHz - 25MHz', 'FNG-03-ANAL', 'Function generator, 1 microHz to 25 MHz', NULL, 'AVAILABLE', 1, NOW(), NOW()),
  (294, 'Function Generator 1uHz - 25MHz', 'FNG-04-ANAL', 'Function generator, 1 microHz to 25 MHz', NULL, 'AVAILABLE', 1, NOW(), NOW()),
  (295, 'Function Generator 1uHz - 25MHz', 'FNG-05-ANAL', 'Function generator, 1 microHz to 25 MHz', NULL, 'AVAILABLE', 1, NOW(), NOW()),
  (296, 'Function Generator 1uHz - 25MHz', 'FNG-06-ANAL', 'Function generator, 1 microHz to 25 MHz', NULL, 'AVAILABLE', 1, NOW(), NOW()),
  (297, 'Function Generator 1uHz - 25MHz', 'FNG-07-ANAL', 'Function generator, 1 microHz to 25 MHz', NULL, 'AVAILABLE', 1, NOW(), NOW()),
  (298, 'Function Generator 1uHz - 25MHz', 'FNG-08-ANAL', 'Function generator, 1 microHz to 25 MHz', NULL, 'AVAILABLE', 1, NOW(), NOW()),
  (299, 'Function Generator 1uHz - 25MHz', 'FNG-09-ANAL', 'Function generator, 1 microHz to 25 MHz', NULL, 'AVAILABLE', 1, NOW(), NOW()),
  (300, 'Function Generator 1uHz - 25MHz', 'FNG-10-ANAL', 'Function generator, 1 microHz to 25 MHz', NULL, 'AVAILABLE', 1, NOW(), NOW()),
  (301, 'Function Generator 1uHz - 25MHz', 'FNG-11-ANAL', 'Function generator, 1 microHz to 25 MHz', NULL, 'AVAILABLE', 1, NOW(), NOW()),
  (302, 'Function Generator 1uHz - 25MHz', 'FNG-12-ANAL', 'Function generator, 1 microHz to 25 MHz', NULL, 'AVAILABLE', 1, NOW(), NOW()),
  (303, 'Function Generator 1uHz - 25MHz', 'FNG-13-ANAL', 'Function generator, 1 microHz to 25 MHz', NULL, 'AVAILABLE', 1, NOW(), NOW()),
  (304, 'Function Generator 1uHz - 25MHz', 'FNG-14-ANAL', 'Function generator, 1 microHz to 25 MHz', NULL, 'AVAILABLE', 1, NOW(), NOW()),
  (305, 'Function Generator 1uHz - 25MHz', 'FNG-15-ANAL', 'Function generator, 1 microHz to 25 MHz', NULL, 'AVAILABLE', 1, NOW(), NOW()),
  (306, 'Function Generator 1uHz - 25MHz', 'FNG-16-ANAL', 'Function generator, 1 microHz to 25 MHz', NULL, 'AVAILABLE', 1, NOW(), NOW()),
  (307, 'Function Generator 1uHz - 25MHz', 'FNG-17-ANAL', 'Function generator, 1 microHz to 25 MHz', NULL, 'AVAILABLE', 1, NOW(), NOW()),
  (308, 'Function Generator 1uHz - 25MHz', 'FNG-18-ANAL', 'Function generator, 1 microHz to 25 MHz', NULL, 'AVAILABLE', 1, NOW(), NOW()),
  (309, 'Function Generator 1uHz - 25MHz', 'FNG-19-ANAL', 'Function generator, 1 microHz to 25 MHz', NULL, 'AVAILABLE', 1, NOW(), NOW()),
  (310, 'Function Generator 1uHz - 25MHz', 'FNG-20-ANAL', 'Function generator, 1 microHz to 25 MHz', NULL, 'AVAILABLE', 1, NOW(), NOW()),
  (311, 'Function Generator 1uHz - 25MHz', 'FNG-01-COMPU', 'Function generator, 1 microHz to 25 MHz', NULL, 'AVAILABLE', 1, NOW(), NOW()),
  (312, 'Function Generator 1uHz - 25MHz', 'FNG-02-COMPU', 'Function generator, 1 microHz to 25 MHz', NULL, 'AVAILABLE', 1, NOW(), NOW()),
  (313, 'Function Generator 1uHz - 25MHz', 'FNG-03-COMPU', 'Function generator, 1 microHz to 25 MHz', NULL, 'AVAILABLE', 1, NOW(), NOW()),
  (314, 'Function Generator 1uHz - 25MHz', 'FNG-04-COMPU', 'Function generator, 1 microHz to 25 MHz', NULL, 'AVAILABLE', 1, NOW(), NOW()),
  (315, 'Function Generator 1uHz - 25MHz', 'FNG-05-COMPU', 'Function generator, 1 microHz to 25 MHz', NULL, 'AVAILABLE', 1, NOW(), NOW()),
  (316, 'Function Generator 1uHz - 25MHz', 'FNG-06-COMPU', 'Function generator, 1 microHz to 25 MHz', NULL, 'AVAILABLE', 1, NOW(), NOW()),
  (317, 'Function Generator 1uHz - 25MHz', 'FNG-07-COMPU', 'Function generator, 1 microHz to 25 MHz', NULL, 'AVAILABLE', 1, NOW(), NOW()),
  (318, 'Function Generator 1uHz - 25MHz', 'FNG-08-COMPU', 'Function generator, 1 microHz to 25 MHz', NULL, 'AVAILABLE', 1, NOW(), NOW()),
  (319, 'Function Generator 1uHz - 25MHz', 'FNG-09-COMPU', 'Function generator, 1 microHz to 25 MHz', NULL, 'AVAILABLE', 1, NOW(), NOW()),
  (320, 'Function Generator 1uHz - 25MHz', 'FNG-10-COMPU', 'Function generator, 1 microHz to 25 MHz', NULL, 'AVAILABLE', 1, NOW(), NOW()),
  (321, 'Function Generator 1uHz - 25MHz', 'FNG-01-DIGI', 'Function generator, 1 microHz to 25 MHz', NULL, 'AVAILABLE', 1, NOW(), NOW()),
  (322, 'Function Generator 1uHz - 25MHz', 'FNG-02-DIGI', 'Function generator, 1 microHz to 25 MHz', NULL, 'AVAILABLE', 1, NOW(), NOW()),
  (323, 'Function Generator 1uHz - 25MHz', 'FNG-03-DIGI', 'Function generator, 1 microHz to 25 MHz', NULL, 'AVAILABLE', 1, NOW(), NOW()),
  (324, 'Function Generator 1uHz - 25MHz', 'FNG-04-DIGI', 'Function generator, 1 microHz to 25 MHz', NULL, 'AVAILABLE', 1, NOW(), NOW()),
  (325, 'Function Generator 1uHz - 25MHz', 'FNG-05-DIGI', 'Function generator, 1 microHz to 25 MHz', NULL, 'AVAILABLE', 1, NOW(), NOW()),
  (326, 'Function Generator 1uHz - 25MHz', 'FNG-06-DIGI', 'Function generator, 1 microHz to 25 MHz', NULL, 'AVAILABLE', 1, NOW(), NOW()),
  (327, 'Function Generator 1uHz - 25MHz', 'FNG-07-DIGI', 'Function generator, 1 microHz to 25 MHz', NULL, 'AVAILABLE', 1, NOW(), NOW()),
  (328, 'Function Generator 1uHz - 25MHz', 'FNG-08-DIGI', 'Function generator, 1 microHz to 25 MHz', NULL, 'AVAILABLE', 1, NOW(), NOW()),
  (329, 'Function Generator 1uHz - 25MHz', 'FNG-09-DIGI', 'Function generator, 1 microHz to 25 MHz', NULL, 'AVAILABLE', 1, NOW(), NOW()),
  (330, 'Function Generator 1uHz - 25MHz', 'FNG-10-DIGI', 'Function generator, 1 microHz to 25 MHz', NULL, 'AVAILABLE', 1, NOW(), NOW()),
  (331, 'Function Generator 1uHz - 25MHz', 'FNG-11-DIGI', 'Function generator, 1 microHz to 25 MHz', NULL, 'AVAILABLE', 1, NOW(), NOW()),
  (332, 'Function Generator 1uHz - 25MHz', 'FNG-12-DIGI', 'Function generator, 1 microHz to 25 MHz', NULL, 'AVAILABLE', 1, NOW(), NOW()),
  (333, 'Function Generator 1uHz - 25MHz', 'FNG-13-DIGI', 'Function generator, 1 microHz to 25 MHz', NULL, 'AVAILABLE', 1, NOW(), NOW()),
  (334, 'Function Generator 1uHz - 25MHz', 'FNG-14-DIGI', 'Function generator, 1 microHz to 25 MHz', NULL, 'AVAILABLE', 1, NOW(), NOW()),
  (335, 'Function Generator 1uHz - 25MHz', 'FNG-15-DIGI', 'Function generator, 1 microHz to 25 MHz', NULL, 'AVAILABLE', 1, NOW(), NOW()),
  (336, 'Function Generator 1uHz - 25MHz', 'FNG-16-DIGI', 'Function generator, 1 microHz to 25 MHz', NULL, 'AVAILABLE', 1, NOW(), NOW()),
  (337, 'Function Generator 1uHz - 25MHz', 'FNG-17-DIGI', 'Function generator, 1 microHz to 25 MHz', NULL, 'AVAILABLE', 1, NOW(), NOW()),
  (338, 'Function Generator 1uHz - 25MHz', 'FNG-18-DIGI', 'Function generator, 1 microHz to 25 MHz', NULL, 'AVAILABLE', 1, NOW(), NOW()),
  (339, 'Function Generator 1uHz - 25MHz', 'FNG-19-DIGI', 'Function generator, 1 microHz to 25 MHz', NULL, 'AVAILABLE', 1, NOW(), NOW()),
  (340, 'Function Generator 1uHz - 25MHz', 'FNG-20-DIGI', 'Function generator, 1 microHz to 25 MHz', NULL, 'AVAILABLE', 1, NOW(), NOW()),
  (341, 'Function Generator 1uHz - 25MHz', 'FNG-01-TELE', 'Function generator, 1 microHz to 25 MHz', NULL, 'AVAILABLE', 1, NOW(), NOW()),
  (342, 'Function Generator 1uHz - 25MHz', 'FNG-02-TELE', 'Function generator, 1 microHz to 25 MHz', NULL, 'AVAILABLE', 1, NOW(), NOW()),
  (343, 'Function Generator 1uHz - 25MHz', 'FNG-03-TELE', 'Function generator, 1 microHz to 25 MHz', NULL, 'AVAILABLE', 1, NOW(), NOW()),
  (344, 'Function Generator 1uHz - 25MHz', 'FNG-04-TELE', 'Function generator, 1 microHz to 25 MHz', NULL, 'AVAILABLE', 1, NOW(), NOW()),
  (345, 'Function Generator 1uHz - 25MHz', 'FNG-05-TELE', 'Function generator, 1 microHz to 25 MHz', NULL, 'AVAILABLE', 1, NOW(), NOW()),
  (346, 'Function Generator 1uHz - 25MHz', 'FNG-06-TELE', 'Function generator, 1 microHz to 25 MHz', NULL, 'AVAILABLE', 1, NOW(), NOW()),
  (347, 'Function Generator 1uHz - 25MHz', 'FNG-07-TELE', 'Function generator, 1 microHz to 25 MHz', NULL, 'AVAILABLE', 1, NOW(), NOW()),
  (348, 'Function Generator 1uHz - 25MHz', 'FNG-08-TELE', 'Function generator, 1 microHz to 25 MHz', NULL, 'AVAILABLE', 1, NOW(), NOW()),
  (349, 'Function Generator 1uHz - 25MHz', 'FNG-09-TELE', 'Function generator, 1 microHz to 25 MHz', NULL, 'AVAILABLE', 1, NOW(), NOW()),
  (350, 'Function Generator 1uHz - 25MHz', 'FNG-10-TELE', 'Function generator, 1 microHz to 25 MHz', NULL, 'AVAILABLE', 1, NOW(), NOW()),
  (351, 'Function Generator 1uHz - 25MHz', 'FNG-11-TELE', 'Function generator, 1 microHz to 25 MHz', NULL, 'AVAILABLE', 1, NOW(), NOW()),
  (352, 'Function Generator 1uHz - 25MHz', 'FNG-12-TELE', 'Function generator, 1 microHz to 25 MHz', NULL, 'AVAILABLE', 1, NOW(), NOW()),
  (353, 'Function Generator 1uHz - 25MHz', 'FNG-13-TELE', 'Function generator, 1 microHz to 25 MHz', NULL, 'AVAILABLE', 1, NOW(), NOW()),
  (354, 'Function Generator 1uHz - 25MHz', 'FNG-14-TELE', 'Function generator, 1 microHz to 25 MHz', NULL, 'AVAILABLE', 1, NOW(), NOW()),
  (355, 'Function Generator 1uHz - 25MHz', 'FNG-15-TELE', 'Function generator, 1 microHz to 25 MHz', NULL, 'AVAILABLE', 1, NOW(), NOW()),
  (356, 'Function Generator 1uHz - 25MHz', 'FNG-16-TELE', 'Function generator, 1 microHz to 25 MHz', NULL, 'AVAILABLE', 1, NOW(), NOW()),
  (357, 'Function Generator 1uHz - 25MHz', 'FNG-17-TELE', 'Function generator, 1 microHz to 25 MHz', NULL, 'AVAILABLE', 1, NOW(), NOW()),
  (358, 'Function Generator 1uHz - 25MHz', 'FNG-18-TELE', 'Function generator, 1 microHz to 25 MHz', NULL, 'AVAILABLE', 1, NOW(), NOW()),
  (359, 'Function Generator 1uHz - 25MHz', 'FNG-19-TELE', 'Function generator, 1 microHz to 25 MHz', NULL, 'AVAILABLE', 1, NOW(), NOW()),
  (360, 'Function Generator 1uHz - 25MHz', 'FNG-20-TELE', 'Function generator, 1 microHz to 25 MHz', NULL, 'AVAILABLE', 1, NOW(), NOW()),
  (361, 'DE0-Nano FPGA Board', 'FPGA-01-COMPU', 'Terasic DE0-Nano FPGA development board (Cyclone IV)', NULL, 'AVAILABLE', 1, NOW(), NOW()),
  (362, 'DE0-Nano FPGA Board', 'FPGA-02-COMPU', 'Terasic DE0-Nano FPGA development board (Cyclone IV)', NULL, 'AVAILABLE', 1, NOW(), NOW()),
  (363, 'DE0-Nano FPGA Board', 'FPGA-03-COMPU', 'Terasic DE0-Nano FPGA development board (Cyclone IV)', NULL, 'AVAILABLE', 1, NOW(), NOW()),
  (364, 'DE0-Nano FPGA Board', 'FPGA-04-COMPU', 'Terasic DE0-Nano FPGA development board (Cyclone IV)', NULL, 'AVAILABLE', 1, NOW(), NOW()),
  (365, 'DE0-Nano FPGA Board', 'FPGA-05-COMPU', 'Terasic DE0-Nano FPGA development board (Cyclone IV)', NULL, 'AVAILABLE', 1, NOW(), NOW()),
  (366, 'DE0-Nano FPGA Board', 'FPGA-01-DIGI', 'Terasic DE0-Nano FPGA development board (Cyclone IV)', NULL, 'AVAILABLE', 1, NOW(), NOW()),
  (367, 'DE0-Nano FPGA Board', 'FPGA-02-DIGI', 'Terasic DE0-Nano FPGA development board (Cyclone IV)', NULL, 'AVAILABLE', 1, NOW(), NOW()),
  (368, 'DE0-Nano FPGA Board', 'FPGA-03-DIGI', 'Terasic DE0-Nano FPGA development board (Cyclone IV)', NULL, 'AVAILABLE', 1, NOW(), NOW()),
  (369, 'DE0-Nano FPGA Board', 'FPGA-04-DIGI', 'Terasic DE0-Nano FPGA development board (Cyclone IV)', NULL, 'AVAILABLE', 1, NOW(), NOW()),
  (370, 'DE0-Nano FPGA Board', 'FPGA-05-DIGI', 'Terasic DE0-Nano FPGA development board (Cyclone IV)', NULL, 'AVAILABLE', 1, NOW(), NOW()),
  (371, 'USRP B210 SDR Kit', 'SDR-01-TELE', 'Ettus USRP B210 software-defined radio kit', NULL, 'AVAILABLE', 1, NOW(), NOW()),
  (372, 'USRP B210 SDR Kit', 'SDR-02-TELE', 'Ettus USRP B210 software-defined radio kit', NULL, 'AVAILABLE', 1, NOW(), NOW()),
  (373, 'USRP B210 SDR Kit', 'SDR-03-TELE', 'Ettus USRP B210 software-defined radio kit', NULL, 'AVAILABLE', 1, NOW(), NOW()),
  (374, 'USRP B210 SDR Kit', 'SDR-04-TELE', 'Ettus USRP B210 software-defined radio kit', NULL, 'AVAILABLE', 1, NOW(), NOW()),
  (375, 'USRP B210 SDR Kit', 'SDR-05-TELE', 'Ettus USRP B210 software-defined radio kit', NULL, 'AVAILABLE', 1, NOW(), NOW()),
  (376, 'USRP B210 SDR Kit', 'SDR-06-TELE', 'Ettus USRP B210 software-defined radio kit', NULL, 'AVAILABLE', 1, NOW(), NOW()),
  (377, 'USRP B210 SDR Kit', 'SDR-07-TELE', 'Ettus USRP B210 software-defined radio kit', NULL, 'AVAILABLE', 1, NOW(), NOW()),
  (378, 'USRP B210 SDR Kit', 'SDR-08-TELE', 'Ettus USRP B210 software-defined radio kit', NULL, 'AVAILABLE', 1, NOW(), NOW()),
  (379, 'USRP B210 SDR Kit', 'SDR-09-TELE', 'Ettus USRP B210 software-defined radio kit', NULL, 'AVAILABLE', 1, NOW(), NOW()),
  (380, 'USRP B210 SDR Kit', 'SDR-10-TELE', 'Ettus USRP B210 software-defined radio kit', NULL, 'AVAILABLE', 1, NOW(), NOW()),
  (381, 'Raspberry Pi 4 Kit', 'RPI-01-ANAL', 'Raspberry Pi 4 Model B development kit (4GB RAM)', NULL, 'AVAILABLE', 1, NOW(), NOW()),
  (382, 'Raspberry Pi 4 Kit', 'RPI-02-ANAL', 'Raspberry Pi 4 Model B development kit (4GB RAM)', NULL, 'AVAILABLE', 1, NOW(), NOW()),
  (383, 'Raspberry Pi 4 Kit', 'RPI-01-COMPU', 'Raspberry Pi 4 Model B development kit (4GB RAM)', NULL, 'AVAILABLE', 1, NOW(), NOW()),
  (384, 'Raspberry Pi 4 Kit', 'RPI-02-COMPU', 'Raspberry Pi 4 Model B development kit (4GB RAM)', NULL, 'AVAILABLE', 1, NOW(), NOW()),
  (385, 'Raspberry Pi 4 Kit', 'RPI-03-COMPU', 'Raspberry Pi 4 Model B development kit (4GB RAM)', NULL, 'AVAILABLE', 1, NOW(), NOW()),
  (386, 'Raspberry Pi 4 Kit', 'RPI-04-COMPU', 'Raspberry Pi 4 Model B development kit (4GB RAM)', NULL, 'AVAILABLE', 1, NOW(), NOW()),
  (387, 'Raspberry Pi 4 Kit', 'RPI-05-COMPU', 'Raspberry Pi 4 Model B development kit (4GB RAM)', NULL, 'AVAILABLE', 1, NOW(), NOW()),
  (388, 'Raspberry Pi 4 Kit', 'RPI-01-DIGI', 'Raspberry Pi 4 Model B development kit (4GB RAM)', NULL, 'AVAILABLE', 1, NOW(), NOW()),
  (389, 'Raspberry Pi 4 Kit', 'RPI-02-DIGI', 'Raspberry Pi 4 Model B development kit (4GB RAM)', NULL, 'AVAILABLE', 1, NOW(), NOW()),
  (390, 'Raspberry Pi 4 Kit', 'RPI-03-DIGI', 'Raspberry Pi 4 Model B development kit (4GB RAM)', NULL, 'AVAILABLE', 1, NOW(), NOW()),
  (391, 'Raspberry Pi 4 Kit', 'RPI-01-TELE', 'Raspberry Pi 4 Model B development kit (4GB RAM)', NULL, 'AVAILABLE', 1, NOW(), NOW()),
  (392, 'Raspberry Pi 4 Kit', 'RPI-02-TELE', 'Raspberry Pi 4 Model B development kit (4GB RAM)', NULL, 'AVAILABLE', 1, NOW(), NOW()),
  (393, 'Raspberry Pi 4 Kit', 'RPI-03-TELE', 'Raspberry Pi 4 Model B development kit (4GB RAM)', NULL, 'AVAILABLE', 1, NOW(), NOW()),
  (394, 'Raspberry Pi 4 Kit', 'RPI-04-TELE', 'Raspberry Pi 4 Model B development kit (4GB RAM)', NULL, 'AVAILABLE', 1, NOW(), NOW()),
  (395, 'Raspberry Pi 4 Kit', 'RPI-05-TELE', 'Raspberry Pi 4 Model B development kit (4GB RAM)', NULL, 'AVAILABLE', 1, NOW(), NOW()),
  (396, 'Soldering Kit', 'SOL-01-UAV', 'Complete soldering station with iron, solder, and accessories', NULL, 'AVAILABLE', 1, NOW(), NOW()),
  (397, 'Soldering Kit', 'SOL-02-UAV', 'Complete soldering station with iron, solder, and accessories', NULL, 'AVAILABLE', 1, NOW(), NOW());

-- =====================================================
-- 3. LINK EACH UNIT TO ITS LAB
--    columns: id (auto), lab_id, equipment_id, quantity, created_at, updated_at
--    quantity = 1 for every link (1 unit goes to exactly 1 lab)
-- =====================================================

INSERT INTO lab_equipment (lab_id, equipment_id, quantity, created_at, updated_at) VALUES
  (1, 1, 1, NOW(), NOW()),
  (1, 2, 1, NOW(), NOW()),
  (1, 3, 1, NOW(), NOW()),
  (1, 4, 1, NOW(), NOW()),
  (1, 5, 1, NOW(), NOW()),
  (1, 6, 1, NOW(), NOW()),
  (1, 7, 1, NOW(), NOW()),
  (1, 8, 1, NOW(), NOW()),
  (1, 9, 1, NOW(), NOW()),
  (1, 10, 1, NOW(), NOW()),
  (1, 11, 1, NOW(), NOW()),
  (1, 12, 1, NOW(), NOW()),
  (1, 13, 1, NOW(), NOW()),
  (1, 14, 1, NOW(), NOW()),
  (1, 15, 1, NOW(), NOW()),
  (1, 16, 1, NOW(), NOW()),
  (1, 17, 1, NOW(), NOW()),
  (1, 18, 1, NOW(), NOW()),
  (1, 19, 1, NOW(), NOW()),
  (1, 20, 1, NOW(), NOW()),
  (2, 21, 1, NOW(), NOW()),
  (2, 22, 1, NOW(), NOW()),
  (2, 23, 1, NOW(), NOW()),
  (2, 24, 1, NOW(), NOW()),
  (2, 25, 1, NOW(), NOW()),
  (2, 26, 1, NOW(), NOW()),
  (2, 27, 1, NOW(), NOW()),
  (2, 28, 1, NOW(), NOW()),
  (2, 29, 1, NOW(), NOW()),
  (2, 30, 1, NOW(), NOW()),
  (2, 31, 1, NOW(), NOW()),
  (2, 32, 1, NOW(), NOW()),
  (2, 33, 1, NOW(), NOW()),
  (2, 34, 1, NOW(), NOW()),
  (2, 35, 1, NOW(), NOW()),
  (2, 36, 1, NOW(), NOW()),
  (2, 37, 1, NOW(), NOW()),
  (2, 38, 1, NOW(), NOW()),
  (2, 39, 1, NOW(), NOW()),
  (2, 40, 1, NOW(), NOW()),
  (3, 41, 1, NOW(), NOW()),
  (3, 42, 1, NOW(), NOW()),
  (3, 43, 1, NOW(), NOW()),
  (3, 44, 1, NOW(), NOW()),
  (3, 45, 1, NOW(), NOW()),
  (3, 46, 1, NOW(), NOW()),
  (3, 47, 1, NOW(), NOW()),
  (3, 48, 1, NOW(), NOW()),
  (3, 49, 1, NOW(), NOW()),
  (3, 50, 1, NOW(), NOW()),
  (5, 51, 1, NOW(), NOW()),
  (5, 52, 1, NOW(), NOW()),
  (5, 53, 1, NOW(), NOW()),
  (5, 54, 1, NOW(), NOW()),
  (5, 55, 1, NOW(), NOW()),
  (1, 56, 1, NOW(), NOW()),
  (1, 57, 1, NOW(), NOW()),
  (1, 58, 1, NOW(), NOW()),
  (1, 59, 1, NOW(), NOW()),
  (1, 60, 1, NOW(), NOW()),
  (1, 61, 1, NOW(), NOW()),
  (1, 62, 1, NOW(), NOW()),
  (1, 63, 1, NOW(), NOW()),
  (1, 64, 1, NOW(), NOW()),
  (1, 65, 1, NOW(), NOW()),
  (1, 66, 1, NOW(), NOW()),
  (1, 67, 1, NOW(), NOW()),
  (1, 68, 1, NOW(), NOW()),
  (1, 69, 1, NOW(), NOW()),
  (1, 70, 1, NOW(), NOW()),
  (1, 71, 1, NOW(), NOW()),
  (1, 72, 1, NOW(), NOW()),
  (1, 73, 1, NOW(), NOW()),
  (1, 74, 1, NOW(), NOW()),
  (1, 75, 1, NOW(), NOW()),
  (2, 76, 1, NOW(), NOW()),
  (2, 77, 1, NOW(), NOW()),
  (2, 78, 1, NOW(), NOW()),
  (2, 79, 1, NOW(), NOW()),
  (2, 80, 1, NOW(), NOW()),
  (2, 81, 1, NOW(), NOW()),
  (2, 82, 1, NOW(), NOW()),
  (2, 83, 1, NOW(), NOW()),
  (2, 84, 1, NOW(), NOW()),
  (2, 85, 1, NOW(), NOW()),
  (2, 86, 1, NOW(), NOW()),
  (2, 87, 1, NOW(), NOW()),
  (2, 88, 1, NOW(), NOW()),
  (2, 89, 1, NOW(), NOW()),
  (2, 90, 1, NOW(), NOW()),
  (2, 91, 1, NOW(), NOW()),
  (2, 92, 1, NOW(), NOW()),
  (2, 93, 1, NOW(), NOW()),
  (2, 94, 1, NOW(), NOW()),
  (2, 95, 1, NOW(), NOW()),
  (3, 96, 1, NOW(), NOW()),
  (3, 97, 1, NOW(), NOW()),
  (3, 98, 1, NOW(), NOW()),
  (3, 99, 1, NOW(), NOW()),
  (3, 100, 1, NOW(), NOW()),
  (3, 101, 1, NOW(), NOW()),
  (3, 102, 1, NOW(), NOW()),
  (3, 103, 1, NOW(), NOW()),
  (3, 104, 1, NOW(), NOW()),
  (3, 105, 1, NOW(), NOW()),
  (3, 106, 1, NOW(), NOW()),
  (3, 107, 1, NOW(), NOW()),
  (3, 108, 1, NOW(), NOW()),
  (3, 109, 1, NOW(), NOW()),
  (3, 110, 1, NOW(), NOW()),
  (3, 111, 1, NOW(), NOW()),
  (3, 112, 1, NOW(), NOW()),
  (3, 113, 1, NOW(), NOW()),
  (3, 114, 1, NOW(), NOW()),
  (3, 115, 1, NOW(), NOW()),
  (5, 116, 1, NOW(), NOW()),
  (5, 117, 1, NOW(), NOW()),
  (5, 118, 1, NOW(), NOW()),
  (5, 119, 1, NOW(), NOW()),
  (5, 120, 1, NOW(), NOW()),
  (1, 121, 1, NOW(), NOW()),
  (1, 122, 1, NOW(), NOW()),
  (1, 123, 1, NOW(), NOW()),
  (1, 124, 1, NOW(), NOW()),
  (1, 125, 1, NOW(), NOW()),
  (1, 126, 1, NOW(), NOW()),
  (1, 127, 1, NOW(), NOW()),
  (1, 128, 1, NOW(), NOW()),
  (1, 129, 1, NOW(), NOW()),
  (1, 130, 1, NOW(), NOW()),
  (1, 131, 1, NOW(), NOW()),
  (1, 132, 1, NOW(), NOW()),
  (1, 133, 1, NOW(), NOW()),
  (1, 134, 1, NOW(), NOW()),
  (1, 135, 1, NOW(), NOW()),
  (1, 136, 1, NOW(), NOW()),
  (1, 137, 1, NOW(), NOW()),
  (1, 138, 1, NOW(), NOW()),
  (1, 139, 1, NOW(), NOW()),
  (1, 140, 1, NOW(), NOW()),
  (2, 141, 1, NOW(), NOW()),
  (2, 142, 1, NOW(), NOW()),
  (2, 143, 1, NOW(), NOW()),
  (2, 144, 1, NOW(), NOW()),
  (2, 145, 1, NOW(), NOW()),
  (2, 146, 1, NOW(), NOW()),
  (2, 147, 1, NOW(), NOW()),
  (2, 148, 1, NOW(), NOW()),
  (2, 149, 1, NOW(), NOW()),
  (2, 150, 1, NOW(), NOW()),
  (3, 151, 1, NOW(), NOW()),
  (3, 152, 1, NOW(), NOW()),
  (3, 153, 1, NOW(), NOW()),
  (3, 154, 1, NOW(), NOW()),
  (3, 155, 1, NOW(), NOW()),
  (3, 156, 1, NOW(), NOW()),
  (3, 157, 1, NOW(), NOW()),
  (3, 158, 1, NOW(), NOW()),
  (3, 159, 1, NOW(), NOW()),
  (3, 160, 1, NOW(), NOW()),
  (5, 161, 1, NOW(), NOW()),
  (5, 162, 1, NOW(), NOW()),
  (5, 163, 1, NOW(), NOW()),
  (5, 164, 1, NOW(), NOW()),
  (5, 165, 1, NOW(), NOW()),
  (1, 166, 1, NOW(), NOW()),
  (1, 167, 1, NOW(), NOW()),
  (1, 168, 1, NOW(), NOW()),
  (1, 169, 1, NOW(), NOW()),
  (1, 170, 1, NOW(), NOW()),
  (1, 171, 1, NOW(), NOW()),
  (1, 172, 1, NOW(), NOW()),
  (1, 173, 1, NOW(), NOW()),
  (1, 174, 1, NOW(), NOW()),
  (1, 175, 1, NOW(), NOW()),
  (1, 176, 1, NOW(), NOW()),
  (1, 177, 1, NOW(), NOW()),
  (1, 178, 1, NOW(), NOW()),
  (1, 179, 1, NOW(), NOW()),
  (1, 180, 1, NOW(), NOW()),
  (1, 181, 1, NOW(), NOW()),
  (1, 182, 1, NOW(), NOW()),
  (1, 183, 1, NOW(), NOW()),
  (1, 184, 1, NOW(), NOW()),
  (1, 185, 1, NOW(), NOW()),
  (2, 186, 1, NOW(), NOW()),
  (2, 187, 1, NOW(), NOW()),
  (2, 188, 1, NOW(), NOW()),
  (2, 189, 1, NOW(), NOW()),
  (2, 190, 1, NOW(), NOW()),
  (2, 191, 1, NOW(), NOW()),
  (2, 192, 1, NOW(), NOW()),
  (2, 193, 1, NOW(), NOW()),
  (2, 194, 1, NOW(), NOW()),
  (2, 195, 1, NOW(), NOW()),
  (2, 196, 1, NOW(), NOW()),
  (2, 197, 1, NOW(), NOW()),
  (2, 198, 1, NOW(), NOW()),
  (2, 199, 1, NOW(), NOW()),
  (2, 200, 1, NOW(), NOW()),
  (2, 201, 1, NOW(), NOW()),
  (2, 202, 1, NOW(), NOW()),
  (2, 203, 1, NOW(), NOW()),
  (2, 204, 1, NOW(), NOW()),
  (2, 205, 1, NOW(), NOW()),
  (3, 206, 1, NOW(), NOW()),
  (3, 207, 1, NOW(), NOW()),
  (3, 208, 1, NOW(), NOW()),
  (3, 209, 1, NOW(), NOW()),
  (3, 210, 1, NOW(), NOW()),
  (3, 211, 1, NOW(), NOW()),
  (3, 212, 1, NOW(), NOW()),
  (3, 213, 1, NOW(), NOW()),
  (3, 214, 1, NOW(), NOW()),
  (3, 215, 1, NOW(), NOW()),
  (3, 216, 1, NOW(), NOW()),
  (3, 217, 1, NOW(), NOW()),
  (3, 218, 1, NOW(), NOW()),
  (3, 219, 1, NOW(), NOW()),
  (3, 220, 1, NOW(), NOW()),
  (3, 221, 1, NOW(), NOW()),
  (3, 222, 1, NOW(), NOW()),
  (3, 223, 1, NOW(), NOW()),
  (3, 224, 1, NOW(), NOW()),
  (3, 225, 1, NOW(), NOW()),
  (5, 226, 1, NOW(), NOW()),
  (5, 227, 1, NOW(), NOW()),
  (5, 228, 1, NOW(), NOW()),
  (5, 229, 1, NOW(), NOW()),
  (5, 230, 1, NOW(), NOW()),
  (1, 231, 1, NOW(), NOW()),
  (1, 232, 1, NOW(), NOW()),
  (1, 233, 1, NOW(), NOW()),
  (1, 234, 1, NOW(), NOW()),
  (1, 235, 1, NOW(), NOW()),
  (1, 236, 1, NOW(), NOW()),
  (1, 237, 1, NOW(), NOW()),
  (1, 238, 1, NOW(), NOW()),
  (1, 239, 1, NOW(), NOW()),
  (1, 240, 1, NOW(), NOW()),
  (1, 241, 1, NOW(), NOW()),
  (1, 242, 1, NOW(), NOW()),
  (1, 243, 1, NOW(), NOW()),
  (1, 244, 1, NOW(), NOW()),
  (1, 245, 1, NOW(), NOW()),
  (1, 246, 1, NOW(), NOW()),
  (1, 247, 1, NOW(), NOW()),
  (1, 248, 1, NOW(), NOW()),
  (1, 249, 1, NOW(), NOW()),
  (1, 250, 1, NOW(), NOW()),
  (2, 251, 1, NOW(), NOW()),
  (2, 252, 1, NOW(), NOW()),
  (2, 253, 1, NOW(), NOW()),
  (2, 254, 1, NOW(), NOW()),
  (2, 255, 1, NOW(), NOW()),
  (2, 256, 1, NOW(), NOW()),
  (2, 257, 1, NOW(), NOW()),
  (2, 258, 1, NOW(), NOW()),
  (2, 259, 1, NOW(), NOW()),
  (2, 260, 1, NOW(), NOW()),
  (2, 261, 1, NOW(), NOW()),
  (2, 262, 1, NOW(), NOW()),
  (2, 263, 1, NOW(), NOW()),
  (2, 264, 1, NOW(), NOW()),
  (2, 265, 1, NOW(), NOW()),
  (2, 266, 1, NOW(), NOW()),
  (2, 267, 1, NOW(), NOW()),
  (2, 268, 1, NOW(), NOW()),
  (2, 269, 1, NOW(), NOW()),
  (2, 270, 1, NOW(), NOW()),
  (3, 271, 1, NOW(), NOW()),
  (3, 272, 1, NOW(), NOW()),
  (3, 273, 1, NOW(), NOW()),
  (3, 274, 1, NOW(), NOW()),
  (3, 275, 1, NOW(), NOW()),
  (3, 276, 1, NOW(), NOW()),
  (3, 277, 1, NOW(), NOW()),
  (3, 278, 1, NOW(), NOW()),
  (3, 279, 1, NOW(), NOW()),
  (3, 280, 1, NOW(), NOW()),
  (3, 281, 1, NOW(), NOW()),
  (3, 282, 1, NOW(), NOW()),
  (3, 283, 1, NOW(), NOW()),
  (3, 284, 1, NOW(), NOW()),
  (3, 285, 1, NOW(), NOW()),
  (3, 286, 1, NOW(), NOW()),
  (3, 287, 1, NOW(), NOW()),
  (3, 288, 1, NOW(), NOW()),
  (3, 289, 1, NOW(), NOW()),
  (3, 290, 1, NOW(), NOW()),
  (1, 291, 1, NOW(), NOW()),
  (1, 292, 1, NOW(), NOW()),
  (1, 293, 1, NOW(), NOW()),
  (1, 294, 1, NOW(), NOW()),
  (1, 295, 1, NOW(), NOW()),
  (1, 296, 1, NOW(), NOW()),
  (1, 297, 1, NOW(), NOW()),
  (1, 298, 1, NOW(), NOW()),
  (1, 299, 1, NOW(), NOW()),
  (1, 300, 1, NOW(), NOW()),
  (1, 301, 1, NOW(), NOW()),
  (1, 302, 1, NOW(), NOW()),
  (1, 303, 1, NOW(), NOW()),
  (1, 304, 1, NOW(), NOW()),
  (1, 305, 1, NOW(), NOW()),
  (1, 306, 1, NOW(), NOW()),
  (1, 307, 1, NOW(), NOW()),
  (1, 308, 1, NOW(), NOW()),
  (1, 309, 1, NOW(), NOW()),
  (1, 310, 1, NOW(), NOW()),
  (4, 311, 1, NOW(), NOW()),
  (4, 312, 1, NOW(), NOW()),
  (4, 313, 1, NOW(), NOW()),
  (4, 314, 1, NOW(), NOW()),
  (4, 315, 1, NOW(), NOW()),
  (4, 316, 1, NOW(), NOW()),
  (4, 317, 1, NOW(), NOW()),
  (4, 318, 1, NOW(), NOW()),
  (4, 319, 1, NOW(), NOW()),
  (4, 320, 1, NOW(), NOW()),
  (2, 321, 1, NOW(), NOW()),
  (2, 322, 1, NOW(), NOW()),
  (2, 323, 1, NOW(), NOW()),
  (2, 324, 1, NOW(), NOW()),
  (2, 325, 1, NOW(), NOW()),
  (2, 326, 1, NOW(), NOW()),
  (2, 327, 1, NOW(), NOW()),
  (2, 328, 1, NOW(), NOW()),
  (2, 329, 1, NOW(), NOW()),
  (2, 330, 1, NOW(), NOW()),
  (2, 331, 1, NOW(), NOW()),
  (2, 332, 1, NOW(), NOW()),
  (2, 333, 1, NOW(), NOW()),
  (2, 334, 1, NOW(), NOW()),
  (2, 335, 1, NOW(), NOW()),
  (2, 336, 1, NOW(), NOW()),
  (2, 337, 1, NOW(), NOW()),
  (2, 338, 1, NOW(), NOW()),
  (2, 339, 1, NOW(), NOW()),
  (2, 340, 1, NOW(), NOW()),
  (3, 341, 1, NOW(), NOW()),
  (3, 342, 1, NOW(), NOW()),
  (3, 343, 1, NOW(), NOW()),
  (3, 344, 1, NOW(), NOW()),
  (3, 345, 1, NOW(), NOW()),
  (3, 346, 1, NOW(), NOW()),
  (3, 347, 1, NOW(), NOW()),
  (3, 348, 1, NOW(), NOW()),
  (3, 349, 1, NOW(), NOW()),
  (3, 350, 1, NOW(), NOW()),
  (3, 351, 1, NOW(), NOW()),
  (3, 352, 1, NOW(), NOW()),
  (3, 353, 1, NOW(), NOW()),
  (3, 354, 1, NOW(), NOW()),
  (3, 355, 1, NOW(), NOW()),
  (3, 356, 1, NOW(), NOW()),
  (3, 357, 1, NOW(), NOW()),
  (3, 358, 1, NOW(), NOW()),
  (3, 359, 1, NOW(), NOW()),
  (3, 360, 1, NOW(), NOW()),
  (4, 361, 1, NOW(), NOW()),
  (4, 362, 1, NOW(), NOW()),
  (4, 363, 1, NOW(), NOW()),
  (4, 364, 1, NOW(), NOW()),
  (4, 365, 1, NOW(), NOW()),
  (2, 366, 1, NOW(), NOW()),
  (2, 367, 1, NOW(), NOW()),
  (2, 368, 1, NOW(), NOW()),
  (2, 369, 1, NOW(), NOW()),
  (2, 370, 1, NOW(), NOW()),
  (3, 371, 1, NOW(), NOW()),
  (3, 372, 1, NOW(), NOW()),
  (3, 373, 1, NOW(), NOW()),
  (3, 374, 1, NOW(), NOW()),
  (3, 375, 1, NOW(), NOW()),
  (3, 376, 1, NOW(), NOW()),
  (3, 377, 1, NOW(), NOW()),
  (3, 378, 1, NOW(), NOW()),
  (3, 379, 1, NOW(), NOW()),
  (3, 380, 1, NOW(), NOW()),
  (1, 381, 1, NOW(), NOW()),
  (1, 382, 1, NOW(), NOW()),
  (4, 383, 1, NOW(), NOW()),
  (4, 384, 1, NOW(), NOW()),
  (4, 385, 1, NOW(), NOW()),
  (4, 386, 1, NOW(), NOW()),
  (4, 387, 1, NOW(), NOW()),
  (2, 388, 1, NOW(), NOW()),
  (2, 389, 1, NOW(), NOW()),
  (2, 390, 1, NOW(), NOW()),
  (3, 391, 1, NOW(), NOW()),
  (3, 392, 1, NOW(), NOW()),
  (3, 393, 1, NOW(), NOW()),
  (3, 394, 1, NOW(), NOW()),
  (3, 395, 1, NOW(), NOW()),
  (5, 396, 1, NOW(), NOW()),
  (5, 397, 1, NOW(), NOW());

-- =====================================================
-- 4. VERIFICATION
-- =====================================================

SELECT COUNT(*) AS total_equipment_units FROM equipment;
-- Expected: 397

SELECT l.lab_name, COUNT(*) AS units
FROM lab_equipment le
JOIN labs l ON l.id = le.lab_id
GROUP BY l.lab_name
ORDER BY l.lab_name;
-- Expected: Analog 122, Computer 20, Digital 118, Telecom 115, UAV 22

SELECT name AS equipment_name, COUNT(*) AS units
FROM equipment
GROUP BY name
ORDER BY name;

SELECT id, name, equipment_code FROM equipment ORDER BY id LIMIT 20;